<?xml version="1.0" encoding="UTF-8"?>
<faces-config version="2.2" xmlns="http://xmlns.jcp.org/xml/ns/javaee"
 xmlns:xsi="http://www.w3.org/2001/XMLSchema-instance" xsi:schemaLocation="http://xmlns.jcp.org/xml/ns/javaee http://xmlns.jcp.org/xml/ns/javaee/web-facesconfig_2_2.xsd">

<navigation-rule>
  <from-view-id>/MES-PAGES/Authentification.xhtml</from-view-id>
  <navigation-case>
   <from-outcome>agent</from-outcome>
   <to-view-id>/MES-PAGES/index.xhtml</to-view-id>
  </navigation-case>
 </navigation-rule>
 <navigation-rule>
  <from-view-id>/MES-PAGES/index.xhtml</from-view-id>
  <navigation-case>
   <from-outcome>agent</from-outcome>
   <to-view-id>/MES-PAGES/agent.xhtml</to-view-id>
  </navigation-case>
  <navigation-case>
   <from-outcome>enfant</from-outcome>
   <to-view-id>/MES-PAGES/enfant.xhtml</to-view-id>
  </navigation-case>
  <navigation-case>
   <from-outcome>famille</from-outcome>
   <to-view-id>/MES-PAGES/famille.xhtml</to-view-id>
  </navigation-case>
 </navigation-rule>
 <application>
  <locale-config>
   <default-locale>en</default-locale>
   <supported-locale>fr</supported-locale>
   <supported-locale>en</supported-locale>
  </locale-config>
  <resource-bundle>
   <base-name>langue.lang</base-name>
   <var>uiMsg</var>
  </resource-bundle>
 </application>
</faces-config>